/en-US/docs/Web/JavaScript/Reference|/javascript/javascript reference
/en-US/docs/Web/JavaScript/Reference/About|/javascript/javascript reference/about this reference
/en-US/docs/Web/JavaScript/Reference/Operators/instanceof|/javascript/javascript reference/expressions and operators/instanceof
/en-US/docs/Web/JavaScript/Reference/Operators/Expression_closures|/javascript/javascript reference/expressions and operators/expression closures
/en-US/docs/Web/JavaScript/Reference/Operators/Legacy_generator_function|/javascript/javascript reference/expressions and operators/legacy generator function expression
/en-US/docs/Web/JavaScript/Reference/Operators/Comma_Operator|/javascript/javascript reference/expressions and operators/comma operator
/en-US/docs/Web/JavaScript/Reference/Operators/Conditional_Operator|/javascript/javascript reference/expressions and operators/conditional (ternary) operator
/en-US/docs/Web/JavaScript/Reference/Functions|/javascript/javascript reference/functions
/en-US/docs/Web/JavaScript/Reference/Operators/in|/javascript/javascript reference/expressions and operators/in operator
/en-US/docs/Web/JavaScript/Reference/Operators/Destructuring_assignment|/javascript/javascript reference/expressions and operators/destructuring assignment
/en-US/docs/Web/JavaScript/Reference/Operators/typeof|/javascript/javascript reference/expressions and operators/typeof
/en-US/docs/Web/JavaScript/Reference/Operators/void|/javascript/javascript reference/expressions and operators/void operator
/en-US/docs/Web/JavaScript/Reference/Operators/Spread_operator|/javascript/javascript reference/expressions and operators/spread operator
/en-US/docs/Web/JavaScript/Reference/Operators/delete|/javascript/javascript reference/expressions and operators/delete operator
/en-US/docs/Web/JavaScript/Reference/Operators/Property_accessors|/javascript/javascript reference/expressions and operators/property accessors
/en-US/docs/Web/JavaScript/Reference/Operators/new|/javascript/javascript reference/expressions and operators/new operator
/en-US/docs/Web/JavaScript/Reference/template_strings|/javascript/javascript reference/template strings
/en-US/docs/Web/JavaScript/Reference/Functions/get|/javascript/javascript reference/functions/getter
/en-US/docs/Web/JavaScript/Reference/Properties_Index|/javascript/javascript reference/javascript properties index
/en-US/docs/Web/JavaScript/Reference/Methods_Index|/javascript/javascript reference/javascript methods index
/en-US/docs/Web/JavaScript/Reference/Functions/set|/javascript/javascript reference/functions/setter
/en-US/docs/Web/JavaScript/Reference/Strict_mode/Transitioning_to_strict_mode|/javascript/javascript reference/strict mode/transitioning to strict mode
/en-US/docs/Web/JavaScript/Reference/Functions/Method_definitions|/javascript/javascript reference/functions/method definitions
/en-US/docs/Web/JavaScript/Reference/Statements/Legacy_generator_function|/javascript/javascript reference/statements and declarations/legacy generator function
/en-US/docs/Web/JavaScript/Reference/Global_Objects/Object/hasOwnProperty|/javascript/javascript reference/standard built-in objects/object/object.prototype.hasownproperty()
/en-US/docs/Web/JavaScript/Reference/Global_Objects/RegExp/exec|/javascript/javascript reference/standard built-in objects/regexp/regexp.prototype.exec()
/en-US/docs/Web/JavaScript/Reference/Global_Objects/Array/isArray|/javascript/javascript reference/standard built-in objects/array/array.isarray()
/en-US/docs/Web/JavaScript/Reference/Global_Objects/Function/toString|/javascript/javascript reference/standard built-in objects/function/function.prototype.tostring()
/en-US/docs/Web/JavaScript/Reference/Global_Objects/Object/constructor|/javascript/javascript reference/standard built-in objects/object/object.prototype.constructor
/en-US/docs/Web/JavaScript/Reference/Global_Objects/Function/prototype|/javascript/javascript reference/standard built-in objects/function/function.prototype
/en-US/docs/Web/JavaScript/Reference/Global_Objects/Function/apply|/javascript/javascript reference/standard built-in objects/function/function.prototype.apply()
/en-US/docs/Web/JavaScript/Reference/Global_Objects/String/raw|/javascript/javascript reference/standard built-in objects/string/string.raw()
/en-US/docs/Web/JavaScript/Reference/Global_Objects/Array/push|/javascript/javascript reference/standard built-in objects/array/array.prototype.push()
/en-US/docs/Web/JavaScript/Reference/Global_Objects/TypeError/prototype|/javascript/javascript reference/standard built-in objects/typeerror/typeerror.prototype
/en-US/docs/Web/JavaScript/Reference/Global_Objects/TypedArray/prototype|/javascript/javascript reference/standard built-in objects/typedarray/typedarray.prototype
/en-US/docs/Web/JavaScript/Reference/Global_Objects/SyntaxError/prototype|/javascript/javascript reference/standard built-in objects/syntaxerror/syntaxerror.prototype
/en-US/docs/Web/JavaScript/Reference/Global_Objects/Object/proto|/javascript/javascript reference/standard built-in objects/object/object.prototype.__proto__
/en-US/docs/Web/JavaScript/Reference/Global_Objects/DataView/setInt8|/javascript/javascript reference/standard built-in objects/dataview/dataview.prototype.setint8()
/en-US/docs/Web/JavaScript/Reference/Global_Objects/DataView/setInt32|/javascript/javascript reference/standard built-in objects/dataview/dataview.prototype.setint32()
/en-US/docs/Web/JavaScript/Reference/Global_Objects/Boolean/valueOf|/javascript/javascript reference/standard built-in objects/boolean/boolean.prototype.valueof()
/en-US/docs/Web/JavaScript/Reference/Global_Objects/Object/watch|/javascript/javascript reference/standard built-in objects/object/object.prototype.watch()
/en-US/docs/Web/JavaScript/Reference/Global_Objects/Object/__lookupSetter__|/javascript/javascript reference/standard built-in objects/object/object.prototype.__lookupsetter__()
/en-US/docs/Web/JavaScript/Reference/Global_Objects/Object/__lookupGetter__|/javascript/javascript reference/standard built-in objects/object/object.prototype.__lookupgetter__()
/en-US/docs/Web/JavaScript/Reference/Global_Objects/Object/__defineSetter__|/javascript/javascript reference/standard built-in objects/object/object.prototype.__definesetter__()
/en-US/docs/Web/JavaScript/Reference/Global_Objects/Object/__defineGetter__|/javascript/javascript reference/standard built-in objects/object/object.prototype.__definegetter__()
/en-US/docs/Web/JavaScript/Reference/Global_Objects/Map/values|/javascript/javascript reference/standard built-in objects/map/map.prototype.values()
/en-US/docs/Web/JavaScript/Reference/Global_Objects/Symbol/valueOf|/javascript/javascript reference/standard built-in objects/symbol/symbol.prototype.valueof()
/en-US/docs/Web/JavaScript/Reference/Global_Objects/Error/stack|/javascript/javascript reference/standard built-in objects/error/error.prototype.stack
/en-US/docs/Web/JavaScript/Reference/Global_Objects/Object/valueOf|/javascript/javascript reference/standard built-in objects/object/object.prototype.valueof()
/en-US/docs/Web/JavaScript/Reference/Global_Objects/String/valueOf|/javascript/javascript reference/standard built-in objects/string/string.prototype.valueof()
/en-US/docs/Web/JavaScript/Reference/Global_Objects/Array/reduceRight|/javascript/javascript reference/standard built-in objects/array/array.prototype.reduceright()
/en-US/docs/Web/JavaScript/Reference/Global_Objects/Array/reduce|/javascript/javascript reference/standard built-in objects/array/array.prototype.reduce()
/en-US/docs/Web/JavaScript/Reference/Global_Objects/TypedArray/findIndex|/javascript/javascript reference/standard built-in objects/typedarray/typedarray.prototype.findindex()
/en-US/docs/Web/JavaScript/Reference/Global_Objects/TypedArray/find|/javascript/javascript reference/standard built-in objects/typedarray/typedarray.prototype.find()
/en-US/docs/Web/JavaScript/Reference/Global_Objects/Date/valueOf|/javascript/javascript reference/standard built-in objects/date/date.prototype.valueof()
/en-US/docs/Web/JavaScript/Reference/Global_Objects/Number/valueOf|/javascript/javascript reference/standard built-in objects/number/number.prototype.valueof()
/en-US/docs/Web/JavaScript/Reference/Global_Objects/Object/unwatch|/javascript/javascript reference/standard built-in objects/object/object.prototype.unwatch()
/en-US/docs/Web/JavaScript/Reference/Global_Objects/Array/unshift|/javascript/javascript reference/standard built-in objects/array/array.prototype.unshift()
/en-US/docs/Web/JavaScript/Reference/Global_Objects/Date/UTC|/javascript/javascript reference/standard built-in objects/date/date.utc()
/en-US/docs/Web/JavaScript/Reference/Global_Objects/Math/trunc|/javascript/javascript reference/standard built-in objects/math/math.trunc()
/en-US/docs/Web/JavaScript/Reference/Global_Objects/String/TrimRight|/javascript/javascript reference/standard built-in objects/string/string.prototype.trimright()
/en-US/docs/Web/JavaScript/Reference/Global_Objects/String/TrimLeft|/javascript/javascript reference/standard built-in objects/string/string.prototype.trimleft()
/en-US/docs/Web/JavaScript/Reference/Global_Objects/String/Trim|/javascript/javascript reference/standard built-in objects/string/string.prototype.trim()
/en-US/docs/Web/JavaScript/Reference/Global_Objects/String/toUpperCase|/javascript/javascript reference/standard built-in objects/string/string.prototype.touppercase()
/en-US/docs/Web/JavaScript/Reference/Global_Objects/Date/toUTCString|/javascript/javascript reference/standard built-in objects/date/date.prototype.toutcstring()
/en-US/docs/Web/JavaScript/Reference/Global_Objects/Date/toTimeString|/javascript/javascript reference/standard built-in objects/date/date.prototype.totimestring()
/en-US/docs/Web/JavaScript/Reference/Global_Objects/Symbol/toString|/javascript/javascript reference/standard built-in objects/symbol/symbol.prototype.tostring()
/en-US/docs/Web/JavaScript/Reference/Global_Objects/String/toString|/javascript/javascript reference/standard built-in objects/string/string.prototype.tostring()
/en-US/docs/Web/JavaScript/Reference/Global_Objects/Date/toString|/javascript/javascript reference/standard built-in objects/date/date.prototype.tostring()
/en-US/docs/Web/JavaScript/Reference/Global_Objects/Array/toString|/javascript/javascript reference/standard built-in objects/array/array.prototype.tostring()
/en-US/docs/Web/JavaScript/Reference/Global_Objects/Number/toString|/javascript/javascript reference/standard built-in objects/number/number.prototype.tostring()
/en-US/docs/Web/JavaScript/Reference/Global_Objects/RegExp/toString|/javascript/javascript reference/standard built-in objects/regexp/regexp.prototype.tostring()
/en-US/docs/Web/JavaScript/Reference/Global_Objects/Boolean/toString|/javascript/javascript reference/standard built-in objects/boolean/boolean.prototype.tostring()
/en-US/docs/Web/JavaScript/Reference/Global_Objects/Error/toString|/javascript/javascript reference/standard built-in objects/error/error.prototype.tostring()
/en-US/docs/Web/JavaScript/Reference/Global_Objects/RegExp/toSource|/javascript/javascript reference/standard built-in objects/regexp/regexp.prototype.tosource()
/en-US/docs/Web/JavaScript/Reference/Global_Objects/Array/toSource|/javascript/javascript reference/standard built-in objects/array/array.prototype.tosource()
/en-US/docs/Web/JavaScript/Reference/Global_Objects/Boolean/toSource|/javascript/javascript reference/standard built-in objects/boolean/boolean.prototype.tosource()
/en-US/docs/Web/JavaScript/Reference/Global_Objects/String/trimLeft|/javascript/javascript reference/standard built-in objects/string/string.prototype.trimleft()
/en-US/docs/Web/JavaScript/Reference/Global_Objects/String/trimRight|/javascript/javascript reference/standard built-in objects/string/string.prototype.trimright()
/en-US/docs/Web/JavaScript/Reference/Global_Objects/String/trim|/javascript/javascript reference/standard built-in objects/string/string.prototype.trim()
/en-US/docs/Web/JavaScript/Reference/Global_Objects/Function/toSource|/javascript/javascript reference/standard built-in objects/function/function.prototype.tosource()
/en-US/docs/Web/JavaScript/Reference/Global_Objects/Object/toSource|/javascript/javascript reference/standard built-in objects/object/object.prototype.tosource()
/en-US/docs/Web/JavaScript/Reference/Global_Objects/Symbol/toSource|/javascript/javascript reference/standard built-in objects/symbol/symbol.prototype.tosource()
/en-US/docs/Web/JavaScript/Reference/Global_Objects/Error/toSource|/javascript/javascript reference/standard built-in objects/error/error.prototype.tosource()
/en-US/docs/Web/JavaScript/Reference/Global_Objects/Number/toSource|/javascript/javascript reference/standard built-in objects/number/number.prototype.tosource()
/en-US/docs/Web/JavaScript/Reference/Global_Objects/Date/toSource|/javascript/javascript reference/standard built-in objects/date/date.prototype.tosource()
/en-US/docs/Web/JavaScript/Reference/Global_Objects/String/toSource|/javascript/javascript reference/standard built-in objects/string/string.prototype.tosource()
/en-US/docs/Web/JavaScript/Reference/Global_Objects/Number/toPrecision|/javascript/javascript reference/standard built-in objects/number/number.prototype.toprecision()
/en-US/docs/Web/JavaScript/Reference/Global_Objects/String/toLowerCase|/javascript/javascript reference/standard built-in objects/string/string.prototype.tolowercase()
/en-US/docs/Web/JavaScript/Reference/Global_Objects/Date/toLocaleTimeString|/javascript/javascript reference/standard built-in objects/date/date.prototype.tolocaletimestring()
/en-US/docs/Web/JavaScript/Reference/Global_Objects/Date/toLocaleString|/javascript/javascript reference/standard built-in objects/date/date.prototype.tolocalestring()
/en-US/docs/Web/JavaScript/Reference/Global_Objects/String/toLocaleUpperCase|/javascript/javascript reference/standard built-in objects/string/string.prototype.tolocaleuppercase()
/en-US/docs/Web/JavaScript/Reference/Global_Objects/Array/toLocaleString|/javascript/javascript reference/standard built-in objects/array/array.prototype.tolocalestring()
/en-US/docs/Web/JavaScript/Reference/Global_Objects/Object/toLocaleString|/javascript/javascript reference/standard built-in objects/object/object.prototype.tolocalestring()
/en-US/docs/Web/JavaScript/Reference/Global_Objects/String/toLocaleLowerCase|/javascript/javascript reference/standard built-in objects/string/string.prototype.tolocalelowercase()
/en-US/docs/Web/JavaScript/Reference/Global_Objects/Date/toLocaleFormat|/javascript/javascript reference/standard built-in objects/date/date.prototype.tolocaleformat()
/en-US/docs/Web/JavaScript/Reference/Global_Objects/Number/toLocaleString|/javascript/javascript reference/standard built-in objects/number/number.prototype.tolocalestring()
/en-US/docs/Web/JavaScript/Reference/Global_Objects/Date/toLocaleDateString|/javascript/javascript reference/standard built-in objects/date/date.prototype.tolocaledatestring()
/en-US/docs/Web/JavaScript/Reference/Global_Objects/Date/toJSON|/javascript/javascript reference/standard built-in objects/date/date.prototype.tojson()
/en-US/docs/Web/JavaScript/Reference/Global_Objects/Number/toInteger|/javascript/javascript reference/standard built-in objects/number/number.tointeger()
/en-US/docs/Web/JavaScript/Reference/Global_Objects/Date/toISOString|/javascript/javascript reference/standard built-in objects/date/date.prototype.toisostring()
/en-US/docs/Web/JavaScript/Reference/Global_Objects/Date/toGMTString|/javascript/javascript reference/standard built-in objects/date/date.prototype.togmtstring()
/en-US/docs/Web/JavaScript/Reference/Global_Objects/Number/toFixed|/javascript/javascript reference/standard built-in objects/number/number.prototype.tofixed()
/en-US/docs/Web/JavaScript/Reference/Global_Objects/Regexp/toSource|/javascript/javascript reference/standard built-in objects/regexp/regexp.prototype.tosource()
/en-US/docs/Web/JavaScript/Reference/Global_Objects/Number/toExponential|/javascript/javascript reference/standard built-in objects/number/number.prototype.toexponential()
/en-US/docs/Web/JavaScript/Reference/Global_Objects/Date/toDateString|/javascript/javascript reference/standard built-in objects/date/date.prototype.todatestring()
/en-US/docs/Web/JavaScript/Reference/Global_Objects/RegExp/test|/javascript/javascript reference/standard built-in objects/regexp/regexp.prototype.test()
/en-US/docs/Web/JavaScript/Reference/Global_Objects/Math/tanh|/javascript/javascript reference/standard built-in objects/math/math.tanh()
/en-US/docs/Web/JavaScript/Reference/Global_Objects/Collator/supportedLocalesOf|/javascript/javascript reference/standard built-in objects/intl.collator/intl.collator.supportedlocalesof()
/en-US/docs/Web/JavaScript/Reference/Global_Objects/NumberFormat/supportedLocalesOf|/javascript/javascript reference/standard built-in objects/intl.numberformat/intl.numberformat.supportedlocalesof()
/en-US/docs/Web/JavaScript/Reference/Global_Objects/DateTimeFormat/supportedLocalesOf|/javascript/javascript reference/standard built-in objects/intl.datetimeformat/intl.datetimeformat.supportedlocalesof()
/en-US/docs/Web/JavaScript/Reference/Global_Objects/String/sup|/javascript/javascript reference/standard built-in objects/string/string.prototype.sup()
/en-US/docs/Web/JavaScript/Reference/Global_Objects/Math/tan|/javascript/javascript reference/standard built-in objects/math/math.tan()
/en-US/docs/Web/JavaScript/Reference/Global_Objects/String/substring|/javascript/javascript reference/standard built-in objects/string/string.prototype.substring()
/en-US/docs/Web/JavaScript/Reference/Global_Objects/String/substr|/javascript/javascript reference/standard built-in objects/string/string.prototype.substr()
/en-US/docs/Web/JavaScript/Reference/Global_Objects/TypedArray/subarray|/javascript/javascript reference/standard built-in objects/typedarray/typedarray.prototype.subarray()
/en-US/docs/Web/JavaScript/Reference/Global_Objects/String/sub|/javascript/javascript reference/standard built-in objects/string/string.prototype.sub()
/en-US/docs/Web/JavaScript/Reference/Global_Objects/String/strike|/javascript/javascript reference/standard built-in objects/string/string.prototype.strike()
/en-US/docs/Web/JavaScript/Reference/Global_Objects/JSON/stringify|/javascript/javascript reference/standard built-in objects/json/json.stringify()
/en-US/docs/Web/JavaScript/Reference/Global_Objects/String/startsWith|/javascript/javascript reference/standard built-in objects/string/string.prototype.startswith()
/en-US/docs/Web/JavaScript/Reference/Global_Objects/Math/sqrt|/javascript/javascript reference/standard built-in objects/math/math.sqrt()
/en-US/docs/Web/JavaScript/Reference/Global_Objects/String/split|/javascript/javascript reference/standard built-in objects/string/string.prototype.split()
/en-US/docs/Web/JavaScript/Reference/Global_Objects/Array/splice|/javascript/javascript reference/standard built-in objects/array/array.prototype.splice()
/en-US/docs/Web/JavaScript/Reference/Global_Objects/Array/sort|/javascript/javascript reference/standard built-in objects/array/array.prototype.sort()
/en-US/docs/Web/JavaScript/Reference/Global_Objects/Array/some|/javascript/javascript reference/standard built-in objects/array/array.prototype.some()
/en-US/docs/Web/JavaScript/Reference/Global_Objects/ArrayBuffer/slice|/javascript/javascript reference/standard built-in objects/arraybuffer/arraybuffer.prototype.slice()
/en-US/docs/Web/JavaScript/Reference/Global_Objects/String/small|/javascript/javascript reference/standard built-in objects/string/string.prototype.small()
/en-US/docs/Web/JavaScript/Reference/Global_Objects/Array/slice|/javascript/javascript reference/standard built-in objects/array/array.prototype.slice()
/en-US/docs/Web/JavaScript/Reference/Global_Objects/String/slice|/javascript/javascript reference/standard built-in objects/string/string.prototype.slice()
/en-US/docs/Web/JavaScript/Reference/Global_Objects/Math/sinh|/javascript/javascript reference/standard built-in objects/math/math.sinh()
/en-US/docs/Web/JavaScript/Reference/Global_Objects/Math/sin|/javascript/javascript reference/standard built-in objects/math/math.sin()
/en-US/docs/Web/JavaScript/Reference/Global_Objects/Date/setYear|/javascript/javascript reference/standard built-in objects/date/date.prototype.setyear()
/en-US/docs/Web/JavaScript/Reference/Global_Objects/DataView/setUint8|/javascript/javascript reference/standard built-in objects/dataview/dataview.prototype.setuint8()
/en-US/docs/Web/JavaScript/Reference/Global_Objects/Array/shift|/javascript/javascript reference/standard built-in objects/array/array.prototype.shift()
/en-US/docs/Web/JavaScript/Reference/Global_Objects/Math/sign|/javascript/javascript reference/standard built-in objects/math/math.sign()
/en-US/docs/Web/JavaScript/Reference/Global_Objects/DataView/setUint32|/javascript/javascript reference/standard built-in objects/dataview/dataview.prototype.setuint32()
/en-US/docs/Web/JavaScript/Reference/Global_Objects/Date/setUTCMonth|/javascript/javascript reference/standard built-in objects/date/date.prototype.setutcmonth()
/en-US/docs/Web/JavaScript/Reference/Global_Objects/Date/setUTCSeconds|/javascript/javascript reference/standard built-in objects/date/date.prototype.setutcseconds()
/en-US/docs/Web/JavaScript/Reference/Global_Objects/DataView/setUint16|/javascript/javascript reference/standard built-in objects/dataview/dataview.prototype.setuint16()
/en-US/docs/Web/JavaScript/Reference/Global_Objects/Date/setUTCMilliseconds|/javascript/javascript reference/standard built-in objects/date/date.prototype.setutcmilliseconds()
/en-US/docs/Web/JavaScript/Reference/Global_Objects/Date/setUTCHours|/javascript/javascript reference/standard built-in objects/date/date.prototype.setutchours()
/en-US/docs/Web/JavaScript/Reference/Global_Objects/Date/setUTCFullYear|/javascript/javascript reference/standard built-in objects/date/date.prototype.setutcfullyear()
/en-US/docs/Web/JavaScript/Reference/Global_Objects/Date/setUTCMinutes|/javascript/javascript reference/standard built-in objects/date/date.prototype.setutcminutes()
/en-US/docs/Web/JavaScript/Reference/Global_Objects/Date/setSeconds|/javascript/javascript reference/standard built-in objects/date/date.prototype.setseconds()
/en-US/docs/Web/JavaScript/Reference/Global_Objects/Date/setUTCDate|/javascript/javascript reference/standard built-in objects/date/date.prototype.setutcdate()
/en-US/docs/Web/JavaScript/Reference/Global_Objects/Date/setTime|/javascript/javascript reference/standard built-in objects/date/date.prototype.settime()
/en-US/docs/Web/JavaScript/Reference/Global_Objects/Date/setMinutes|/javascript/javascript reference/standard built-in objects/date/date.prototype.setminutes()
/en-US/docs/Web/JavaScript/Reference/Global_Objects/ArrayBuffer/transfer|/javascript/javascript reference/standard built-in objects/arraybuffer/arraybuffer.transfer()
/en-US/docs/Web/JavaScript/Reference/Global_Objects/Date/setMonth|/javascript/javascript reference/standard built-in objects/date/date.prototype.setmonth()
/en-US/docs/Web/JavaScript/Reference/Global_Objects/Date/setMilliseconds|/javascript/javascript reference/standard built-in objects/date/date.prototype.setmilliseconds()
/en-US/docs/Web/JavaScript/Reference/Global_Objects/Object/setPrototypeOf|/javascript/javascript reference/standard built-in objects/object/object.setprototypeof()
/en-US/docs/Web/JavaScript/Reference/Global_Objects/Date/setHours|/javascript/javascript reference/standard built-in objects/date/date.prototype.sethours()
/en-US/docs/Web/JavaScript/Reference/Global_Objects/Date/setFullYear|/javascript/javascript reference/standard built-in objects/date/date.prototype.setfullyear()
/en-US/docs/Web/JavaScript/Reference/Global_Objects/DataView/setInt16|/javascript/javascript reference/standard built-in objects/dataview/dataview.prototype.setint16()
/en-US/docs/Web/JavaScript/Reference/Global_Objects/Date/setDate|/javascript/javascript reference/standard built-in objects/date/date.prototype.setdate()
/en-US/docs/Web/JavaScript/Reference/Global_Objects/DataView/setFloat64|/javascript/javascript reference/standard built-in objects/dataview/dataview.prototype.setfloat64()
/en-US/docs/Web/JavaScript/Reference/Global_Objects/DataView/setFloat32|/javascript/javascript reference/standard built-in objects/dataview/dataview.prototype.setfloat32()
/en-US/docs/Web/JavaScript/Reference/Global_Objects/TypedArray/set|/javascript/javascript reference/standard built-in objects/typedarray/typedarray.prototype.set()
/en-US/docs/Web/JavaScript/Reference/Global_Objects/Map/set|/javascript/javascript reference/standard built-in objects/map/map.prototype.set()
/en-US/docs/Web/JavaScript/Reference/Global_Objects/WeakMap/set|/javascript/javascript reference/standard built-in objects/weakmap/weakmap.prototype.set()
/en-US/docs/Web/JavaScript/Reference/Global_Objects/String/search|/javascript/javascript reference/standard built-in objects/string/string.prototype.search()
/en-US/docs/Web/JavaScript/Reference/Global_Objects/Object/seal|/javascript/javascript reference/standard built-in objects/object/object.seal()
/en-US/docs/Web/JavaScript/Reference/Global_Objects/Collator/resolvedOptions|/javascript/javascript reference/standard built-in objects/intl.collator/intl.collator.prototype.resolvedoptions()
/en-US/docs/Web/JavaScript/Reference/Global_Objects/Math/round|/javascript/javascript reference/standard built-in objects/math/math.round()
/en-US/docs/Web/JavaScript/Reference/Global_Objects/NumberFormat/resolvedOptions|/javascript/javascript reference/standard built-in objects/intl.numberformat/intl.numberformat.prototype.resolvedoptions()
/en-US/docs/Web/JavaScript/Reference/Global_Objects/DateTimeFormat/resolvedOptions|/javascript/javascript reference/standard built-in objects/intl.datetimeformat/intl.datetimeformat.prototype.resolvedoptions()
/en-US/docs/Web/JavaScript/Reference/Global_Objects/Array/reverse|/javascript/javascript reference/standard built-in objects/array/array.prototype.reverse()
/en-US/docs/Web/JavaScript/Reference/Global_Objects/String/replace|/javascript/javascript reference/standard built-in objects/string/string.prototype.replace()
/en-US/docs/Web/JavaScript/Reference/Global_Objects/String/repeat|/javascript/javascript reference/standard built-in objects/string/string.prototype.repeat()
/en-US/docs/Web/JavaScript/Reference/Global_Objects/Promise/resolve|/javascript/javascript reference/standard built-in objects/promise/promise.resolve()
/en-US/docs/Web/JavaScript/Reference/Global_Objects/Promise/reject|/javascript/javascript reference/standard built-in objects/promise/promise.reject()
/en-US/docs/Web/JavaScript/Reference/Global_Objects/Promise/race|/javascript/javascript reference/standard built-in objects/promise/promise.race()
/en-US/docs/Web/JavaScript/Reference/Global_Objects/Math/random|/javascript/javascript reference/standard built-in objects/math/math.random()
/en-US/docs/Web/JavaScript/Reference/Global_Objects/Array/ReduceRight|/javascript/javascript reference/standard built-in objects/array/array.prototype.reduceright()
/en-US/docs/Web/JavaScript/Reference/Global_Objects/Array/Reduce|/javascript/javascript reference/standard built-in objects/array/array.prototype.reduce()
/en-US/docs/Web/JavaScript/Reference/Global_Objects/String/quote|/javascript/javascript reference/standard built-in objects/string/string.prototype.quote()
/en-US/docs/Web/JavaScript/Reference/Global_Objects/TypedArray/values|/javascript/javascript reference/standard built-in objects/typedarray/typedarray.prototype.values()
/en-US/docs/Web/JavaScript/Reference/Global_Objects/TypedArray/@@iterator|/javascript/javascript reference/standard built-in objects/typedarray/typedarray.prototype[@@iterator]()
/en-US/docs/Web/JavaScript/Reference/Global_Objects/Array/values|/javascript/javascript reference/standard built-in objects/array/array.prototype.values()
/en-US/docs/Web/JavaScript/Reference/Global_Objects/Set/@@iterator|/javascript/javascript reference/standard built-in objects/set/set.prototype[@@iterator]()
/en-US/docs/Web/JavaScript/Reference/Global_Objects/Set/values|/javascript/javascript reference/standard built-in objects/set/set.prototype.values()
/en-US/docs/Web/JavaScript/Reference/Global_Objects/String/@@iterator|/javascript/javascript reference/standard built-in objects/string/string.prototype[@@iterator]()
/en-US/docs/Web/JavaScript/Reference/Global_Objects/Array/@@iterator|/javascript/javascript reference/standard built-in objects/array/array.prototype[@@iterator]()
/en-US/docs/Web/JavaScript/Reference/Global_Objects/Map/@@iterator|/javascript/javascript reference/standard built-in objects/map/map.prototype[@@iterator]()
/en-US/docs/Web/JavaScript/Reference/Global_Objects/Object/propertyIsEnumerable|/javascript/javascript reference/standard built-in objects/object/object.prototype.propertyisenumerable()
/en-US/docs/Web/JavaScript/Reference/Global_Objects/Object/preventExtensions|/javascript/javascript reference/standard built-in objects/object/object.preventextensions()
/en-US/docs/Web/JavaScript/Reference/Global_Objects/JSON/parse|/javascript/javascript reference/standard built-in objects/json/json.parse()
/en-US/docs/Web/JavaScript/Reference/Global_Objects/Number/parseFloat|/javascript/javascript reference/standard built-in objects/number/number.parsefloat()
/en-US/docs/Web/JavaScript/Reference/Global_Objects/Math/pow|/javascript/javascript reference/standard built-in objects/math/math.pow()
/en-US/docs/Web/JavaScript/Reference/Global_Objects/Number/parseInt|/javascript/javascript reference/standard built-in objects/number/number.parseint()
/en-US/docs/Web/JavaScript/Reference/Global_Objects/Array/pop|/javascript/javascript reference/standard built-in objects/array/array.prototype.pop()
/en-US/docs/Web/JavaScript/Reference/Global_Objects/Array/of|/javascript/javascript reference/standard built-in objects/array/array.of()
/en-US/docs/Web/JavaScript/Reference/Global_Objects/Date/parse|/javascript/javascript reference/standard built-in objects/date/date.parse()
/en-US/docs/Web/JavaScript/Reference/Global_Objects/Array/observe|/javascript/javascript reference/standard built-in objects/array/array.observe()
/en-US/docs/Web/JavaScript/Reference/Global_Objects/Object/observe|/javascript/javascript reference/standard built-in objects/object/object.observe()
/en-US/docs/Web/JavaScript/Reference/Global_Objects/Date/now|/javascript/javascript reference/standard built-in objects/date/date.now()
/en-US/docs/Web/JavaScript/Reference/Global_Objects/String/normalize|/javascript/javascript reference/standard built-in objects/string/string.prototype.normalize()
/en-US/docs/Web/JavaScript/Reference/Global_Objects/Math/min|/javascript/javascript reference/standard built-in objects/math/math.min()
/en-US/docs/Web/JavaScript/Reference/Global_Objects/TypedArray/move|/javascript/javascript reference/standard built-in objects/typedarray/typedarray.prototype.move()
/en-US/docs/Web/JavaScript/Reference/Global_Objects/String/match|/javascript/javascript reference/standard built-in objects/string/string.prototype.match()
/en-US/docs/Web/JavaScript/Reference/Global_Objects/Array/map|/javascript/javascript reference/standard built-in objects/array/array.prototype.map()
/en-US/docs/Web/JavaScript/Reference/Global_Objects/Math/log2|/javascript/javascript reference/standard built-in objects/math/math.log2()
/en-US/docs/Web/JavaScript/Reference/Global_Objects/Math/max|/javascript/javascript reference/standard built-in objects/math/math.max()
/en-US/docs/Web/JavaScript/Reference/Global_Objects/String/link|/javascript/javascript reference/standard built-in objects/string/string.prototype.link()
/en-US/docs/Web/JavaScript/Reference/Global_Objects/Math/log1p|/javascript/javascript reference/standard built-in objects/math/math.log1p()
/en-US/docs/Web/JavaScript/Reference/Global_Objects/Math/log10|/javascript/javascript reference/standard built-in objects/math/math.log10()
/en-US/docs/Web/JavaScript/Reference/Global_Objects/String/localeCompare|/javascript/javascript reference/standard built-in objects/string/string.prototype.localecompare()
/en-US/docs/Web/JavaScript/Reference/Global_Objects/String/lastIndexOf|/javascript/javascript reference/standard built-in objects/string/string.prototype.lastindexof()
/en-US/docs/Web/JavaScript/Reference/Global_Objects/Math/log|/javascript/javascript reference/standard built-in objects/math/math.log()
/en-US/docs/Web/JavaScript/Reference/Global_Objects/TypedArray/keys|/javascript/javascript reference/standard built-in objects/typedarray/typedarray.prototype.keys()
/en-US/docs/Web/JavaScript/Reference/Global_Objects/Array/lastIndexOf|/javascript/javascript reference/standard built-in objects/array/array.prototype.lastindexof()
/en-US/docs/Web/JavaScript/Reference/Global_Objects/Object/keys|/javascript/javascript reference/standard built-in objects/object/object.keys()
/en-US/docs/Web/JavaScript/Reference/Global_Objects/Map/keys|/javascript/javascript reference/standard built-in objects/map/map.prototype.keys()
/en-US/docs/Web/JavaScript/Reference/Global_Objects/Array/keys|/javascript/javascript reference/standard built-in objects/array/array.prototype.keys()
/en-US/docs/Web/JavaScript/Reference/Global_Objects/Symbol/keyFor|/javascript/javascript reference/standard built-in objects/symbol/symbol.keyfor()
/en-US/docs/Web/JavaScript/Reference/Global_Objects/String/italics|/javascript/javascript reference/standard built-in objects/string/string.prototype.italics()
/en-US/docs/Web/JavaScript/Reference/Global_Objects/Object/isSealed|/javascript/javascript reference/standard built-in objects/object/object.issealed()
/en-US/docs/Web/JavaScript/Reference/Global_Objects/Array/join|/javascript/javascript reference/standard built-in objects/array/array.prototype.join()
/en-US/docs/Web/JavaScript/Reference/Global_Objects/ArrayBuffer/isView|/javascript/javascript reference/standard built-in objects/arraybuffer/arraybuffer.isview()
/en-US/docs/Web/JavaScript/Reference/Global_Objects/Number/isFinite|/javascript/javascript reference/standard built-in objects/number/number.isfinite()
/en-US/docs/Web/JavaScript/Reference/Global_Objects/Number/isSafeInteger|/javascript/javascript reference/standard built-in objects/number/number.issafeinteger()
/en-US/docs/Web/JavaScript/Reference/Global_Objects/Object/isPrototypeOf|/javascript/javascript reference/standard built-in objects/object/object.prototype.isprototypeof()
/en-US/docs/Web/JavaScript/Reference/Global_Objects/Object/isFrozen|/javascript/javascript reference/standard built-in objects/object/object.isfrozen()
/en-US/docs/Web/JavaScript/Reference/Global_Objects/Number/isNaN|/javascript/javascript reference/standard built-in objects/number/number.isnan()
/en-US/docs/Web/JavaScript/Reference/Global_Objects/Function/isGenerator|/javascript/javascript reference/standard built-in objects/function/function.prototype.isgenerator()
/en-US/docs/Web/JavaScript/Reference/Global_Objects/Number/isInteger|/javascript/javascript reference/standard built-in objects/number/number.isinteger()
/en-US/docs/Web/JavaScript/Reference/Global_Objects/Object/isExtensible|/javascript/javascript reference/standard built-in objects/object/object.isextensible()
/en-US/docs/Web/JavaScript/Reference/Global_Objects/Array/indexOf|/javascript/javascript reference/standard built-in objects/array/array.prototype.indexof()
/en-US/docs/Web/JavaScript/Reference/Global_Objects/Array/includes|/javascript/javascript reference/standard built-in objects/array/array.prototype.includes()
/en-US/docs/Web/JavaScript/Reference/Global_Objects/String/indexOf|/javascript/javascript reference/standard built-in objects/string/string.prototype.indexof()
/en-US/docs/Web/JavaScript/Reference/Global_Objects/Object/is|/javascript/javascript reference/standard built-in objects/object/object.is()
/en-US/docs/Web/JavaScript/Reference/Global_Objects/Math/imul|/javascript/javascript reference/standard built-in objects/math/math.imul()
/en-US/docs/Web/JavaScript/Reference/Global_Objects/String/includes|/javascript/javascript reference/standard built-in objects/string/string.prototype.includes()
/en-US/docs/Web/JavaScript/Reference/Global_Objects/WeakSet/has|/javascript/javascript reference/standard built-in objects/weakset/weakset.prototype.has()
/en-US/docs/Web/JavaScript/Reference/Global_Objects/DataView/getUint8|/javascript/javascript reference/standard built-in objects/dataview/dataview.prototype.getuint8()
/en-US/docs/Web/JavaScript/Reference/Global_Objects/DataView/getUint32|/javascript/javascript reference/standard built-in objects/dataview/dataview.prototype.getuint32()
/en-US/docs/Web/JavaScript/Reference/Global_Objects/WeakMap/has|/javascript/javascript reference/standard built-in objects/weakmap/weakmap.prototype.has()
/en-US/docs/Web/JavaScript/Reference/Global_Objects/Date/getYear|/javascript/javascript reference/standard built-in objects/date/date.prototype.getyear()
/en-US/docs/Web/JavaScript/Reference/Global_Objects/Set/has|/javascript/javascript reference/standard built-in objects/set/set.prototype.has()
/en-US/docs/Web/JavaScript/Reference/Global_Objects/Map/has|/javascript/javascript reference/standard built-in objects/map/map.prototype.has()
/en-US/docs/Web/JavaScript/Reference/Global_Objects/Math/hypot|/javascript/javascript reference/standard built-in objects/math/math.hypot()
/en-US/docs/Web/JavaScript/Reference/Global_Objects/Date/getUTCMinutes|/javascript/javascript reference/standard built-in objects/date/date.prototype.getutcminutes()
/en-US/docs/Web/JavaScript/Reference/Global_Objects/Date/getUTCMilliseconds|/javascript/javascript reference/standard built-in objects/date/date.prototype.getutcmilliseconds()
/en-US/docs/Web/JavaScript/Reference/Global_Objects/Date/getUTCHours|/javascript/javascript reference/standard built-in objects/date/date.prototype.getutchours()
/en-US/docs/Web/JavaScript/Reference/Global_Objects/DataView/getUint16|/javascript/javascript reference/standard built-in objects/dataview/dataview.prototype.getuint16()
/en-US/docs/Web/JavaScript/Reference/Global_Objects/Date/getUTCSeconds|/javascript/javascript reference/standard built-in objects/date/date.prototype.getutcseconds()
/en-US/docs/Web/JavaScript/Reference/Global_Objects/Date/getUTCMonth|/javascript/javascript reference/standard built-in objects/date/date.prototype.getutcmonth()
/en-US/docs/Web/JavaScript/Reference/Global_Objects/Date/getUTCDay|/javascript/javascript reference/standard built-in objects/date/date.prototype.getutcday()
/en-US/docs/Web/JavaScript/Reference/Global_Objects/Date/getUTCFullYear|/javascript/javascript reference/standard built-in objects/date/date.prototype.getutcfullyear()
/en-US/docs/Web/JavaScript/Reference/Global_Objects/Date/getUTCDate|/javascript/javascript reference/standard built-in objects/date/date.prototype.getutcdate()
/en-US/docs/Web/JavaScript/Reference/Global_Objects/Date/getTimezoneOffset|/javascript/javascript reference/standard built-in objects/date/date.prototype.gettimezoneoffset()
/en-US/docs/Web/JavaScript/Reference/Global_Objects/Date/getSeconds|/javascript/javascript reference/standard built-in objects/date/date.prototype.getseconds()
/en-US/docs/Web/JavaScript/Reference/Global_Objects/Object/getOwnPropertyNames|/javascript/javascript reference/standard built-in objects/object/object.getownpropertynames()
/en-US/docs/Web/JavaScript/Reference/Global_Objects/Date/getTime|/javascript/javascript reference/standard built-in objects/date/date.prototype.gettime()
/en-US/docs/Web/JavaScript/Reference/Global_Objects/Object/getPrototypeOf|/javascript/javascript reference/standard built-in objects/object/object.getprototypeof()
/en-US/docs/Web/JavaScript/Reference/Global_Objects/Object/getOwnPropertyDescriptor|/javascript/javascript reference/standard built-in objects/object/object.getownpropertydescriptor()
/en-US/docs/Web/JavaScript/Reference/Global_Objects/Object/getOwnPropertySymbols|/javascript/javascript reference/standard built-in objects/object/object.getownpropertysymbols()
/en-US/docs/Web/JavaScript/Reference/Global_Objects/Date/getHours|/javascript/javascript reference/standard built-in objects/date/date.prototype.gethours()
/en-US/docs/Web/JavaScript/Reference/Global_Objects/Date/getMinutes|/javascript/javascript reference/standard built-in objects/date/date.prototype.getminutes()
/en-US/docs/Web/JavaScript/Reference/Global_Objects/DataView/getInt8|/javascript/javascript reference/standard built-in objects/dataview/dataview.prototype.getint8()
/en-US/docs/Web/JavaScript/Reference/Global_Objects/DataView/getInt32|/javascript/javascript reference/standard built-in objects/dataview/dataview.prototype.getint32()
/en-US/docs/Web/JavaScript/Reference/Global_Objects/DataView/getInt16|/javascript/javascript reference/standard built-in objects/dataview/dataview.prototype.getint16()
/en-US/docs/Web/JavaScript/Reference/Global_Objects/Date/getMilliseconds|/javascript/javascript reference/standard built-in objects/date/date.prototype.getmilliseconds()
/en-US/docs/Web/JavaScript/Reference/Global_Objects/Date/getMonth|/javascript/javascript reference/standard built-in objects/date/date.prototype.getmonth()
/en-US/docs/Web/JavaScript/Reference/Global_Objects/Math/fround|/javascript/javascript reference/standard built-in objects/math/math.fround()
/en-US/docs/Web/JavaScript/Reference/Global_Objects/WeakMap/get|/javascript/javascript reference/standard built-in objects/weakmap/weakmap.prototype.get()
/en-US/docs/Web/JavaScript/Reference/Global_Objects/Map/get|/javascript/javascript reference/standard built-in objects/map/map.prototype.get()
/en-US/docs/Web/JavaScript/Reference/Global_Objects/Date/getDay|/javascript/javascript reference/standard built-in objects/date/date.prototype.getday()
/en-US/docs/Web/JavaScript/Reference/Global_Objects/DataView/getFloat32|/javascript/javascript reference/standard built-in objects/dataview/dataview.prototype.getfloat32()
/en-US/docs/Web/JavaScript/Reference/Global_Objects/Date/getDate|/javascript/javascript reference/standard built-in objects/date/date.prototype.getdate()
/en-US/docs/Web/JavaScript/Reference/Global_Objects/Date/getFullYear|/javascript/javascript reference/standard built-in objects/date/date.prototype.getfullyear()
/en-US/docs/Web/JavaScript/Reference/Global_Objects/DataView/getFloat64|/javascript/javascript reference/standard built-in objects/dataview/dataview.prototype.getfloat64()
/en-US/docs/Web/JavaScript/Reference/Global_Objects/Map/forEach|/javascript/javascript reference/standard built-in objects/map/map.prototype.foreach()
/en-US/docs/Web/JavaScript/Reference/Global_Objects/String/fromCodePoint|/javascript/javascript reference/standard built-in objects/string/string.fromcodepoint()
/en-US/docs/Web/JavaScript/Reference/Global_Objects/String/fromCharCode|/javascript/javascript reference/standard built-in objects/string/string.fromcharcode()
/en-US/docs/Web/JavaScript/Reference/Global_Objects/Set/forEach|/javascript/javascript reference/standard built-in objects/set/set.prototype.foreach()
/en-US/docs/Web/JavaScript/Reference/Global_Objects/Array/from|/javascript/javascript reference/standard built-in objects/array/array.from()
/en-US/docs/Web/JavaScript/Reference/Global_Objects/Object/freeze|/javascript/javascript reference/standard built-in objects/object/object.freeze()
/en-US/docs/Web/JavaScript/Reference/Global_Objects/Symbol/for|/javascript/javascript reference/standard built-in objects/symbol/symbol.for()
/en-US/docs/Web/JavaScript/Reference/Global_Objects/Array/forEach|/javascript/javascript reference/standard built-in objects/array/array.prototype.foreach()
/en-US/docs/Web/JavaScript/Reference/Global_Objects/Array/filter|/javascript/javascript reference/standard built-in objects/array/array.prototype.filter()
/en-US/docs/Web/JavaScript/Reference/Global_Objects/Date/valueof|/javascript/javascript reference/standard built-in objects/date/date.prototype.valueof()
/en-US/docs/Web/JavaScript/Reference/Global_Objects/String/fontcolor|/javascript/javascript reference/standard built-in objects/string/string.prototype.fontcolor()
/en-US/docs/Web/JavaScript/Reference/Global_Objects/Math/floor|/javascript/javascript reference/standard built-in objects/math/math.floor()
/en-US/docs/Web/JavaScript/Reference/Global_Objects/Array/findIndex|/javascript/javascript reference/standard built-in objects/array/array.prototype.findindex()
/en-US/docs/Web/JavaScript/Reference/Global_Objects/String/fixed|/javascript/javascript reference/standard built-in objects/string/string.prototype.fixed()
/en-US/docs/Web/JavaScript/Reference/Global_Objects/String/fontsize|/javascript/javascript reference/standard built-in objects/string/string.prototype.fontsize()
/en-US/docs/Web/JavaScript/Reference/Global_Objects/Array/find|/javascript/javascript reference/standard built-in objects/array/array.prototype.find()
/en-US/docs/Web/JavaScript/Reference/Global_Objects/Set/entries|/javascript/javascript reference/standard built-in objects/set/set.prototype.entries()
/en-US/docs/Web/JavaScript/Reference/Global_Objects/Array/fill|/javascript/javascript reference/standard built-in objects/array/array.prototype.fill()
/en-US/docs/Web/JavaScript/Reference/Global_Objects/Object/eval|/javascript/javascript reference/standard built-in objects/object/object.prototype.eval()
/en-US/docs/Web/JavaScript/Reference/Global_Objects/TypedArray/entries|/javascript/javascript reference/standard built-in objects/typedarray/typedarray.prototype.entries()
/en-US/docs/Web/JavaScript/Reference/Global_Objects/Math/exp|/javascript/javascript reference/standard built-in objects/math/math.exp()
/en-US/docs/Web/JavaScript/Reference/Global_Objects/Math/expm1|/javascript/javascript reference/standard built-in objects/math/math.expm1()
/en-US/docs/Web/JavaScript/Reference/Global_Objects/Map/entries|/javascript/javascript reference/standard built-in objects/map/map.prototype.entries()
/en-US/docs/Web/JavaScript/Reference/Global_Objects/Array/every|/javascript/javascript reference/standard built-in objects/array/array.prototype.every()
/en-US/docs/Web/JavaScript/Reference/Global_Objects/String/endsWith|/javascript/javascript reference/standard built-in objects/string/string.prototype.endswith()
/en-US/docs/Web/JavaScript/Reference/Global_Objects/Object/create|/javascript/javascript reference/standard built-in objects/object/object.create()
/en-US/docs/Web/JavaScript/Reference/Global_Objects/WeakMap/delete|/javascript/javascript reference/standard built-in objects/weakmap/weakmap.prototype.delete()
/en-US/docs/Web/JavaScript/Reference/Global_Objects/Set/delete|/javascript/javascript reference/standard built-in objects/set/set.prototype.delete()
/en-US/docs/Web/JavaScript/Reference/Global_Objects/Map/delete|/javascript/javascript reference/standard built-in objects/map/map.prototype.delete()
/en-US/docs/Web/JavaScript/Reference/Global_Objects/Array/entries|/javascript/javascript reference/standard built-in objects/array/array.prototype.entries()
/en-US/docs/Web/JavaScript/Reference/Global_Objects/WeakSet/delete|/javascript/javascript reference/standard built-in objects/weakset/weakset.prototype.delete()
/en-US/docs/Web/JavaScript/Reference/Global_Objects/Object/defineProperties|/javascript/javascript reference/standard built-in objects/object/object.defineproperties()
/en-US/docs/Web/JavaScript/Reference/Global_Objects/Array/copyWithin|/javascript/javascript reference/standard built-in objects/array/array.prototype.copywithin()
/en-US/docs/Web/JavaScript/Reference/Global_Objects/String/codePointAt|/javascript/javascript reference/standard built-in objects/string/string.prototype.codepointat()
/en-US/docs/Web/JavaScript/Reference/Global_Objects/Math/cosh|/javascript/javascript reference/standard built-in objects/math/math.cosh()
/en-US/docs/Web/JavaScript/Reference/Global_Objects/Array/concat|/javascript/javascript reference/standard built-in objects/array/array.prototype.concat()
/en-US/docs/Web/JavaScript/Reference/Global_Objects/String/concat|/javascript/javascript reference/standard built-in objects/string/string.prototype.concat()
/en-US/docs/Web/JavaScript/Reference/Global_Objects/Math/cos|/javascript/javascript reference/standard built-in objects/math/math.cos()
/en-US/docs/Web/JavaScript/Reference/Global_Objects/TypedArray/copyWithin|/javascript/javascript reference/standard built-in objects/typedarray/typedarray.prototype.copywithin()
/en-US/docs/Web/JavaScript/Reference/Global_Objects/Map/foreach|/javascript/javascript reference/standard built-in objects/map/map.prototype.foreach()
/en-US/docs/Web/JavaScript/Reference/Global_Objects/WeakSet/clear|/javascript/javascript reference/standard built-in objects/weakset/weakset.prototype.clear()
/en-US/docs/Web/JavaScript/Reference/Global_Objects/Map/clear|/javascript/javascript reference/standard built-in objects/map/map.prototype.clear()
/en-US/docs/Web/JavaScript/Reference/Global_Objects/Math/clz32|/javascript/javascript reference/standard built-in objects/math/math.clz32()
/en-US/docs/Web/JavaScript/Reference/Global_Objects/Math/ceil|/javascript/javascript reference/standard built-in objects/math/math.ceil()
/en-US/docs/Web/JavaScript/Reference/Global_Objects/String/charAt|/javascript/javascript reference/standard built-in objects/string/string.prototype.charat()
/en-US/docs/Web/JavaScript/Reference/Global_Objects/WeakMap/clear|/javascript/javascript reference/standard built-in objects/weakmap/weakmap.prototype.clear()
/en-US/docs/Web/JavaScript/Reference/Global_Objects/Set/clear|/javascript/javascript reference/standard built-in objects/set/set.prototype.clear()
/en-US/docs/Web/JavaScript/Reference/Global_Objects/String/charCodeAt|/javascript/javascript reference/standard built-in objects/string/string.prototype.charcodeat()
/en-US/docs/Web/JavaScript/Reference/Global_Objects/Math/cbrt|/javascript/javascript reference/standard built-in objects/math/math.cbrt()
/en-US/docs/Web/JavaScript/Reference/Global_Objects/Promise/catch|/javascript/javascript reference/standard built-in objects/promise/promise.prototype.catch()
/en-US/docs/Web/JavaScript/Reference/Global_Objects/String/blink|/javascript/javascript reference/standard built-in objects/string/string.prototype.blink()
/en-US/docs/Web/JavaScript/Reference/Global_Objects/Function/call|/javascript/javascript reference/standard built-in objects/function/function.prototype.call()
/en-US/docs/Web/JavaScript/Reference/Global_Objects/String/big|/javascript/javascript reference/standard built-in objects/string/string.prototype.big()
/en-US/docs/Web/JavaScript/Reference/Global_Objects/String/bold|/javascript/javascript reference/standard built-in objects/string/string.prototype.bold()
/en-US/docs/Web/JavaScript/Reference/Global_Objects/Promise/then|/javascript/javascript reference/standard built-in objects/promise/promise.prototype.then()
/en-US/docs/Web/JavaScript/Reference/Global_Objects/Function/bind|/javascript/javascript reference/standard built-in objects/function/function.prototype.bind()
/en-US/docs/Web/JavaScript/Reference/Global_Objects/Math/asin|/javascript/javascript reference/standard built-in objects/math/math.asin()
/en-US/docs/Web/JavaScript/Reference/Global_Objects/Math/asinh|/javascript/javascript reference/standard built-in objects/math/math.asinh()
/en-US/docs/Web/JavaScript/Reference/Global_Objects/Promise/all|/javascript/javascript reference/standard built-in objects/promise/promise.all()
/en-US/docs/Web/JavaScript/Reference/Global_Objects/Object/assign|/javascript/javascript reference/standard built-in objects/object/object.assign()
/en-US/docs/Web/JavaScript/Reference/Global_Objects/Math/atan2|/javascript/javascript reference/standard built-in objects/math/math.atan2()
/en-US/docs/Web/JavaScript/Reference/Global_Objects/Math/atan|/javascript/javascript reference/standard built-in objects/math/math.atan()
/en-US/docs/Web/JavaScript/Reference/Global_Objects/String/anchor|/javascript/javascript reference/standard built-in objects/string/string.prototype.anchor()
/en-US/docs/Web/JavaScript/Reference/Global_Objects/Math/atanh|/javascript/javascript reference/standard built-in objects/math/math.atanh()
/en-US/docs/Web/JavaScript/Reference/Global_Objects/WeakSet/add|/javascript/javascript reference/standard built-in objects/weakset/weakset.prototype.add()
/en-US/docs/Web/JavaScript/Reference/Global_Objects/Object/Parent|/javascript/javascript reference/standard built-in objects/object/object.prototype.__parent__
/en-US/docs/Web/JavaScript/Reference/Global_Objects/Object/count|/javascript/javascript reference/standard built-in objects/object/object.prototype.__count__
/en-US/docs/Web/JavaScript/Reference/Global_Objects/Math/acos|/javascript/javascript reference/standard built-in objects/math/math.acos()
/en-US/docs/Web/JavaScript/Reference/Global_Objects/Set/add|/javascript/javascript reference/standard built-in objects/set/set.prototype.add()
/en-US/docs/Web/JavaScript/Reference/Global_Objects/Object/noSuchMethod|/javascript/javascript reference/standard built-in objects/object/object.prototype.__nosuchmethod__
/en-US/docs/Web/JavaScript/Reference/Global_Objects/Math/abs|/javascript/javascript reference/standard built-in objects/math/math.abs()
/en-US/docs/Web/JavaScript/Reference/Global_Objects/Math/acosh|/javascript/javascript reference/standard built-in objects/math/math.acosh()
/en-US/docs/Web/JavaScript/Reference/Global_Objects/RegExp/sticky|/javascript/javascript reference/standard built-in objects/regexp/regexp.prototype.sticky
/en-US/docs/Web/JavaScript/Reference/Global_Objects/WeakSet/prototype|/javascript/javascript reference/standard built-in objects/weakset/weakset.prototype
/en-US/docs/Web/JavaScript/Reference/Global_Objects/RegExp/source|/javascript/javascript reference/standard built-in objects/regexp/regexp.prototype.source
/en-US/docs/Web/JavaScript/Reference/Global_Objects/Math/SQRT1_2|/javascript/javascript reference/standard built-in objects/math/math.sqrt1_2
/en-US/docs/Web/JavaScript/Reference/Global_Objects/Set/size|/javascript/javascript reference/standard built-in objects/set/set.prototype.size
/en-US/docs/Web/JavaScript/Reference/Global_Objects/Error/Stack|/javascript/javascript reference/standard built-in objects/error/error.prototype.stack
/en-US/docs/Web/JavaScript/Reference/Global_Objects/Map/size|/javascript/javascript reference/standard built-in objects/map/map.prototype.size
/en-US/docs/Web/JavaScript/Reference/Global_Objects/Math/SQRT2|/javascript/javascript reference/standard built-in objects/math/math.sqrt2
/en-US/docs/Web/JavaScript/Reference/Global_Objects/ReferenceError/prototype|/javascript/javascript reference/standard built-in objects/referenceerror/referenceerror.prototype
/en-US/docs/Web/JavaScript/Reference/Global_Objects/Set/prototype|/javascript/javascript reference/standard built-in objects/set/set.prototype
/en-US/docs/Web/JavaScript/Reference/Global_Objects/String/prototype|/javascript/javascript reference/standard built-in objects/string/string.prototype
/en-US/docs/Web/JavaScript/Reference/Global_Objects/RangeError/prototype|/javascript/javascript reference/standard built-in objects/rangeerror/rangeerror.prototype
/en-US/docs/Web/JavaScript/Reference/Global_Objects/WeakMap/prototype|/javascript/javascript reference/standard built-in objects/weakmap/weakmap.prototype
/en-US/docs/Web/JavaScript/Reference/Global_Objects/RegExp/prototype|/javascript/javascript reference/standard built-in objects/regexp/regexp.prototype
/en-US/docs/Web/JavaScript/Reference/Global_Objects/Symbol/prototype|/javascript/javascript reference/standard built-in objects/symbol/symbol.prototype
/en-US/docs/Web/JavaScript/Reference/Global_Objects/URIError/prototype|/javascript/javascript reference/standard built-in objects/urierror/urierror.prototype
/en-US/docs/Web/JavaScript/Reference/Global_Objects/ArrayBuffer/prototype|/javascript/javascript reference/standard built-in objects/arraybuffer/arraybuffer.prototype
/en-US/docs/Web/JavaScript/Reference/Global_Objects/NumberFormat/prototype|/javascript/javascript reference/standard built-in objects/intl.numberformat/intl.numberformat.prototype
/en-US/docs/Web/JavaScript/Reference/Global_Objects/Number/prototype|/javascript/javascript reference/standard built-in objects/number/number.prototype
/en-US/docs/Web/JavaScript/Reference/Global_Objects/Array/prototype|/javascript/javascript reference/standard built-in objects/array/array.prototype
/en-US/docs/Web/JavaScript/Reference/Global_Objects/DateTimeFormat/prototype|/javascript/javascript reference/standard built-in objects/intl.datetimeformat/intl.datetimeformat.prototype
/en-US/docs/Web/JavaScript/Reference/Global_Objects/Object/prototype|/javascript/javascript reference/standard built-in objects/object/object.prototype
/en-US/docs/Web/JavaScript/Reference/Global_Objects/Promise/prototype|/javascript/javascript reference/standard built-in objects/promise/promise.prototype
/en-US/docs/Web/JavaScript/Reference/Global_Objects/Map/prototype|/javascript/javascript reference/standard built-in objects/map/map.prototype
/en-US/docs/Web/JavaScript/Reference/Global_Objects/InternalError/prototype|/javascript/javascript reference/standard built-in objects/internalerror/internalerror.prototype
/en-US/docs/Web/JavaScript/Reference/Global_Objects/DataView/prototype|/javascript/javascript reference/standard built-in objects/dataview/dataview.prototype
/en-US/docs/Web/JavaScript/Reference/Global_Objects/GeneratorFunction/prototype|/javascript/javascript reference/standard built-in objects/generatorfunction/generatorfunction.prototype
/en-US/docs/Web/JavaScript/Reference/Global_Objects/EvalError/prototype|/javascript/javascript reference/standard built-in objects/evalerror/evalerror.prototype
/en-US/docs/Web/JavaScript/Reference/Global_Objects/Error/prototype|/javascript/javascript reference/standard built-in objects/error/error.prototype
/en-US/docs/Web/JavaScript/Reference/Global_Objects/Collator/prototype|/javascript/javascript reference/standard built-in objects/intl.collator/intl.collator.prototype
/en-US/docs/Web/JavaScript/Reference/Global_Objects/Date/prototype|/javascript/javascript reference/standard built-in objects/date/date.prototype
/en-US/docs/Web/JavaScript/Reference/Global_Objects/Boolean/prototype|/javascript/javascript reference/standard built-in objects/boolean/boolean.prototype
/en-US/docs/Web/JavaScript/Reference/Global_Objects/TypedArray/name|/javascript/javascript reference/standard built-in objects/typedarray/typedarray.name
/en-US/docs/Web/JavaScript/Reference/Global_Objects/Math/PI|/javascript/javascript reference/standard built-in objects/math/math.pi
/en-US/docs/Web/JavaScript/Reference/Global_Objects/Number/NEGATIVE_INFINITY|/javascript/javascript reference/standard built-in objects/number/number.negative_infinity
/en-US/docs/Web/JavaScript/Reference/Global_Objects/Number/POSITIVE_INFINITY|/javascript/javascript reference/standard built-in objects/number/number.positive_infinity
/en-US/docs/Web/JavaScript/Reference/Global_Objects/Error/name|/javascript/javascript reference/standard built-in objects/error/error.prototype.name
/en-US/docs/Web/JavaScript/Reference/Global_Objects/RegExp/multiline|/javascript/javascript reference/standard built-in objects/regexp/regexp.prototype.multiline
/en-US/docs/Web/JavaScript/Reference/Global_Objects/Number/NaN|/javascript/javascript reference/standard built-in objects/number/number.nan
/en-US/docs/Web/JavaScript/Reference/Global_Objects/Function/name|/javascript/javascript reference/standard built-in objects/function/function.name
/en-US/docs/Web/JavaScript/Reference/Global_Objects/Error/message|/javascript/javascript reference/standard built-in objects/error/error.prototype.message
/en-US/docs/Web/JavaScript/Reference/Global_Objects/TypedArray/length|/javascript/javascript reference/standard built-in objects/typedarray/typedarray.prototype.length
/en-US/docs/Web/JavaScript/Reference/Global_Objects/Number/MIN_SAFE_INTEGER|/javascript/javascript reference/standard built-in objects/number/number.min_safe_integer
/en-US/docs/Web/JavaScript/Reference/Global_Objects/Number/MAX_SAFE_INTEGER|/javascript/javascript reference/standard built-in objects/number/number.max_safe_integer
/en-US/docs/Web/JavaScript/Reference/Global_Objects/Number/MAX_VALUE|/javascript/javascript reference/standard built-in objects/number/number.max_value
/en-US/docs/Web/JavaScript/Reference/Global_Objects/Number/MIN_VALUE|/javascript/javascript reference/standard built-in objects/number/number.min_value
/en-US/docs/Web/JavaScript/Reference/Global_Objects/Error/lineNumber|/javascript/javascript reference/standard built-in objects/error/error.prototype.linenumber
/en-US/docs/Web/JavaScript/Reference/Functions/arguments/length|/javascript/javascript reference/functions/arguments object/arguments.length
/en-US/docs/Web/JavaScript/Reference/Global_Objects/Array/length|/javascript/javascript reference/standard built-in objects/array/array.length
/en-US/docs/Web/JavaScript/Reference/Global_Objects/RegExp/lastIndex|/javascript/javascript reference/standard built-in objects/regexp/regexp.lastindex
/en-US/docs/Web/JavaScript/Reference/Global_Objects/String/length|/javascript/javascript reference/standard built-in objects/string/string.length
/en-US/docs/Web/JavaScript/Reference/Global_Objects/Math/LOG2E|/javascript/javascript reference/standard built-in objects/math/math.log2e
/en-US/docs/Web/JavaScript/Reference/Global_Objects/Math/LN10|/javascript/javascript reference/standard built-in objects/math/math.ln10
/en-US/docs/Web/JavaScript/Reference/Global_Objects/Math/LN2|/javascript/javascript reference/standard built-in objects/math/math.ln2
/en-US/docs/Web/JavaScript/Reference/Global_Objects/Math/LOG10E|/javascript/javascript reference/standard built-in objects/math/math.log10e
/en-US/docs/Web/JavaScript/Reference/Global_Objects/RegExp/global|/javascript/javascript reference/standard built-in objects/regexp/regexp.prototype.global
/en-US/docs/Web/JavaScript/Reference/Global_Objects/RegExp/ignoreCase|/javascript/javascript reference/standard built-in objects/regexp/regexp.prototype.ignorecase
/en-US/docs/Web/JavaScript/Reference/Global_Objects/DateTimeFormat/format|/javascript/javascript reference/standard built-in objects/intl.datetimeformat/intl.datetimeformat.prototype.format
/en-US/docs/Web/JavaScript/Reference/Global_Objects/RegExp/flags|/javascript/javascript reference/standard built-in objects/regexp/regexp.prototype.flags
/en-US/docs/Web/JavaScript/Reference/Global_Objects/NumberFormat/format|/javascript/javascript reference/standard built-in objects/intl.numberformat/intl.numberformat.prototype.format
/en-US/docs/Web/JavaScript/Reference/Global_Objects/Math/E|/javascript/javascript reference/standard built-in objects/math/math.e
/en-US/docs/Web/JavaScript/Reference/Global_Objects/Error/fileName|/javascript/javascript reference/standard built-in objects/error/error.prototype.filename
/en-US/docs/Web/JavaScript/Reference/Global_Objects/Function/displayName|/javascript/javascript reference/standard built-in objects/function/function.displayname
/en-US/docs/Web/JavaScript/Reference/Global_Objects/Number/EPSILON|/javascript/javascript reference/standard built-in objects/number/number.epsilon
/en-US/docs/Web/JavaScript/Reference/Global_Objects/Collator/compare|/javascript/javascript reference/standard built-in objects/intl.collator/intl.collator.prototype.compare
/en-US/docs/Web/JavaScript/Reference/Global_Objects/DataView/byteOffset|/javascript/javascript reference/standard built-in objects/dataview/dataview.prototype.byteoffset
/en-US/docs/Web/JavaScript/Reference/Global_Objects/TypedArray/byteLength|/javascript/javascript reference/standard built-in objects/typedarray/typedarray.prototype.bytelength
/en-US/docs/Web/JavaScript/Reference/Functions/arguments/caller|/javascript/javascript reference/functions/arguments object/arguments.caller
/en-US/docs/Web/JavaScript/Reference/Global_Objects/Error/columnNumber|/javascript/javascript reference/standard built-in objects/error/error.prototype.columnnumber
/en-US/docs/Web/JavaScript/Reference/Global_Objects/TypedArray/byteOffset|/javascript/javascript reference/standard built-in objects/typedarray/typedarray.prototype.byteoffset
/en-US/docs/Web/JavaScript/Reference/Global_Objects/Function/caller|/javascript/javascript reference/standard built-in objects/function/function.caller
/en-US/docs/Web/JavaScript/Reference/Functions/arguments/callee|/javascript/javascript reference/functions/arguments object/arguments.callee
/en-US/docs/Web/JavaScript/Reference/Global_Objects/Function/arity|/javascript/javascript reference/standard built-in objects/function/function.arity
/en-US/docs/Web/JavaScript/Reference/Global_Objects/Function/length|/javascript/javascript reference/standard built-in objects/function/function.length
/en-US/docs/Web/JavaScript/Reference/Global_Objects/TypedArray/buffer|/javascript/javascript reference/standard built-in objects/typedarray/typedarray.prototype.buffer
/en-US/docs/Web/JavaScript/Reference/Global_Objects/DataView/buffer|/javascript/javascript reference/standard built-in objects/dataview/dataview.prototype.buffer
/en-US/docs/Web/JavaScript/Reference/Global_Objects/TypedArray/BYTES_PER_ELEMENT|/javascript/javascript reference/standard built-in objects/typedarray/typedarray.bytes_per_element
/en-US/docs/Web/JavaScript/Reference/Global_Objects/ArrayBuffer/byteLength|/javascript/javascript reference/standard built-in objects/arraybuffer/arraybuffer.prototype.bytelength
/en-US/docs/Web/JavaScript/Reference/Global_Objects/DataView/byteLength|/javascript/javascript reference/standard built-in objects/dataview/dataview.prototype.bytelength
/en-US/docs/Web/JavaScript/Reference/Operators/Logical_Operators|/javascript/javascript reference/expressions and operators/logical operators
/en-US/docs/Web/JavaScript/Reference/Operators/Operator_Precedence|/javascript/javascript reference/expressions and operators/operator precedence
/en-US/docs/Web/JavaScript/Reference/Operators/Property_Accessors|/javascript/javascript reference/expressions and operators/property accessors
/en-US/docs/Web/JavaScript/Reference/Global_Objects/Function/arguments|/javascript/javascript reference/standard built-in objects/function/function.arguments
/en-US/docs/Web/JavaScript/Reference/Operators/Comparison_Operators|/javascript/javascript reference/expressions and operators/comparison operators
/en-US/docs/Web/JavaScript/Reference/Global_Objects/Object/toString|/javascript/javascript reference/standard built-in objects/object/object.prototype.tostring()
/en-US/docs/Web/JavaScript/Reference/Global_Objects/Object/defineProperty|/javascript/javascript reference/standard built-in objects/object/object.defineproperty()
/en-US/docs/Web/JavaScript/Reference/Global_Objects/GeneratorFunction|/javascript/javascript reference/standard built-in objects/generatorfunction
/en-US/docs/Web/JavaScript/Reference/Deprecated_and_obsolete_features|/javascript/javascript reference/deprecated and obsolete features
/en-US/docs/Web/JavaScript/Reference/Operators/Arithmetic_Operators|/javascript/javascript reference/expressions and operators/arithmetic operators
/en-US/docs/Web/JavaScript/Reference/Operators/Bitwise_Operators|/javascript/javascript reference/expressions and operators/bitwise operators
/en-US/docs/Web/JavaScript/Reference/Operators/Assignment_Operators|/javascript/javascript reference/expressions and operators/assignment operators
/en-US/docs/Web/JavaScript/Reference/Global_Objects/TypedArray|/javascript/javascript reference/standard built-in objects/typedarray
/en-US/docs/Web/JavaScript/Reference/Strict_mode|/javascript/javascript reference/strict mode
/en-US/docs/Web/JavaScript/Reference/Operators/Generator_comprehensions|/javascript/javascript reference/expressions and operators/generator comprehensions
/en-US/docs/Web/JavaScript/Reference/Functions/rest_parameters|/javascript/javascript reference/functions/rest parameters
/en-US/docs/Web/JavaScript/Reference/Lexical_grammar|/javascript/javascript reference/lexical grammar
/en-US/docs/Web/JavaScript/Reference/Functions/Arrow_functions|/javascript/javascript reference/functions/arrow functions
/en-US/docs/Web/JavaScript/Reference/Operators/Grouping|/javascript/javascript reference/expressions and operators/grouping operator
/en-US/docs/Web/JavaScript/Reference/Operators/Array_comprehensions|/javascript/javascript reference/expressions and operators/array comprehensions
/en-US/docs/Web/JavaScript/Reference/Functions/Default_parameters|/javascript/javascript reference/functions/default parameters
/en-US/docs/Web/JavaScript/Reference/Operators/yield*|/javascript/javascript reference/expressions and operators/yield*
/en-US/docs/Web/JavaScript/Reference/Operators/this|/javascript/javascript reference/expressions and operators/this
/en-US/docs/Web/JavaScript/Reference/Operators/Object_initializer|/javascript/javascript reference/expressions and operators/object initializer
/en-US/docs/Web/JavaScript/Reference/Operators/function*|/javascript/javascript reference/expressions and operators/function* expression
/en-US/docs/Web/JavaScript/Reference/Operators/yield|/javascript/javascript reference/expressions and operators/yield
/en-US/docs/Web/JavaScript/Reference/Operators/function|/javascript/javascript reference/expressions and operators/function expression
/en-US/docs/Web/JavaScript/Reference/Statements/import|/javascript/javascript reference/statements and declarations/import
/en-US/docs/Web/JavaScript/Reference/Statements/label|/javascript/javascript reference/statements and declarations/label
/en-US/docs/Web/JavaScript/Reference/Statements/with|/javascript/javascript reference/statements and declarations/with
/en-US/docs/Web/JavaScript/Reference/Statements/while|/javascript/javascript reference/statements and declarations/while
/en-US/docs/Web/JavaScript/Reference/Global_Objects/Object/defineProperty/Additional_examples|/javascript/javascript reference/standard built-in objects/object/object.defineproperty()/additional examples for object.defineproperty
/en-US/docs/Web/JavaScript/Reference/Statements/debugger|/javascript/javascript reference/statements and declarations/debugger
/en-US/docs/Web/JavaScript/Reference/Statements/export|/javascript/javascript reference/statements and declarations/export
/en-US/docs/Web/JavaScript/Reference/Operators|/javascript/javascript reference/expressions and operators
/en-US/docs/Web/JavaScript/Reference/Statements/return|/javascript/javascript reference/statements and declarations/return
/en-US/docs/Web/JavaScript/Reference/Statements/do...while|/javascript/javascript reference/statements and declarations/do...while
/en-US/docs/Web/JavaScript/Reference/Statements/for|/javascript/javascript reference/statements and declarations/for
/en-US/docs/Web/JavaScript/Reference/Statements/for...in|/javascript/javascript reference/statements and declarations/for...in
/en-US/docs/Web/JavaScript/Reference/Statements/for_each...in|/javascript/javascript reference/statements and declarations/for each...in
/en-US/docs/Web/JavaScript/Reference/Statements/for...of|/javascript/javascript reference/statements and declarations/for...of
/en-US/docs/Web/JavaScript/Reference/Statements/try...catch|/javascript/javascript reference/statements and declarations/try...catch
/en-US/docs/Web/JavaScript/Reference/Statements/throw|/javascript/javascript reference/statements and declarations/throw
/en-US/docs/Web/JavaScript/Reference/Statements/function*|/javascript/javascript reference/statements and declarations/function*
/en-US/docs/Web/JavaScript/Reference/Operators/Expression_Closures|/javascript/javascript reference/expressions and operators/expression closures
/en-US/docs/Web/JavaScript/Reference/Statements/let|/javascript/javascript reference/statements and declarations/let
/en-US/docs/Web/JavaScript/Reference/Statements/const|/javascript/javascript reference/statements and declarations/const
/en-US/docs/Web/JavaScript/Reference/Statements/function|/javascript/javascript reference/statements and declarations/function
/en-US/docs/Web/JavaScript/Reference/Statements/var|/javascript/javascript reference/statements and declarations/var
/en-US/docs/Web/JavaScript/Reference/Statements/break|/javascript/javascript reference/statements and declarations/break
/en-US/docs/Web/JavaScript/Reference/Statements/continue|/javascript/javascript reference/statements and declarations/continue
/en-US/docs/Web/JavaScript/Reference/Statements/Empty|/javascript/javascript reference/statements and declarations/empty
/en-US/docs/Web/JavaScript/Reference/Statements/switch|/javascript/javascript reference/statements and declarations/switch
/en-US/docs/Web/JavaScript/Reference/Functions/arguments|/javascript/javascript reference/functions/arguments object
/en-US/docs/Web/JavaScript/Reference/Statements/if...else|/javascript/javascript reference/statements and declarations/if...else
/en-US/docs/Web/JavaScript/Reference/Statements/block|/javascript/javascript reference/statements and declarations/block
/en-US/docs/Web/JavaScript/Reference/Statements|/javascript/javascript reference/statements and declarations
/en-US/docs/Web/JavaScript/Reference/Global_Objects/Generator|/javascript/javascript reference/standard built-in objects/generator
/en-US/docs/Web/JavaScript/Reference/Global_Objects/StopIteration|/javascript/javascript reference/standard built-in objects/stopiteration
/en-US/docs/Web/JavaScript/Reference/Global_Objects/Iterator|/javascript/javascript reference/standard built-in objects/iterator
/en-US/docs/Web/JavaScript/Reference/Global_Objects/Collator|/javascript/javascript reference/standard built-in objects/intl.collator
/en-US/docs/Web/JavaScript/Reference/Global_Objects/ParallelArray|/javascript/javascript reference/standard built-in objects/parallelarray
/en-US/docs/Web/JavaScript/Reference/Global_Objects/DateTimeFormat|/javascript/javascript reference/standard built-in objects/intl.datetimeformat
/en-US/docs/Web/JavaScript/Reference/Global_Objects/NumberFormat|/javascript/javascript reference/standard built-in objects/intl.numberformat
/en-US/docs/Web/JavaScript/Reference/Statements/empty|/javascript/javascript reference/statements and declarations/empty
/en-US/docs/Web/JavaScript/Reference/Global_Objects/Intl|/javascript/javascript reference/standard built-in objects/intl
/en-US/docs/Web/JavaScript/Reference/Global_Objects/Proxy|/javascript/javascript reference/standard built-in objects/proxy
/en-US/docs/Web/JavaScript/Reference/Global_Objects/DataView|/javascript/javascript reference/standard built-in objects/dataview
/en-US/docs/Web/JavaScript/Reference/Global_Objects/ArrayBuffer|/javascript/javascript reference/standard built-in objects/arraybuffer
/en-US/docs/Web/JavaScript/Reference/Global_Objects/JSON|/javascript/javascript reference/standard built-in objects/json
/en-US/docs/Web/JavaScript/Reference/Global_Objects/Promise|/javascript/javascript reference/standard built-in objects/promise
/en-US/docs/Web/JavaScript/Reference/Global_Objects/Uint32Array|/javascript/javascript reference/standard built-in objects/uint32array
/en-US/docs/Web/JavaScript/Reference/Global_Objects/Int32Array|/javascript/javascript reference/standard built-in objects/int32array
/en-US/docs/Web/JavaScript/Reference/Global_Objects/Float64Array|/javascript/javascript reference/standard built-in objects/float64array
/en-US/docs/Web/JavaScript/Reference/Global_Objects/Set|/javascript/javascript reference/standard built-in objects/set
/en-US/docs/Web/JavaScript/Reference/Global_Objects/Float32Array|/javascript/javascript reference/standard built-in objects/float32array
/en-US/docs/Web/JavaScript/Reference/Global_Objects/WeakSet|/javascript/javascript reference/standard built-in objects/weakset
/en-US/docs/Web/JavaScript/Reference/Global_Objects/Map|/javascript/javascript reference/standard built-in objects/map
/en-US/docs/Web/JavaScript/Reference/Global_Objects/WeakMap|/javascript/javascript reference/standard built-in objects/weakmap
/en-US/docs/Web/JavaScript/Reference/Global_Objects/Uint8ClampedArray|/javascript/javascript reference/standard built-in objects/uint8clampedarray
/en-US/docs/Web/JavaScript/Reference/Global_Objects/Int16Array|/javascript/javascript reference/standard built-in objects/int16array
/en-US/docs/Web/JavaScript/Reference/Global_Objects/Uint8Array|/javascript/javascript reference/standard built-in objects/uint8array
/en-US/docs/Web/JavaScript/Reference/Global_Objects/Uint16Array|/javascript/javascript reference/standard built-in objects/uint16array
/en-US/docs/Web/JavaScript/Reference/Global_Objects/Int8Array|/javascript/javascript reference/standard built-in objects/int8array
/en-US/docs/Web/JavaScript/Reference/Global_Objects/RegExp|/javascript/javascript reference/standard built-in objects/regexp
/en-US/docs/Web/JavaScript/Reference/Global_Objects/String|/javascript/javascript reference/standard built-in objects/string
/en-US/docs/Web/JavaScript/Reference/Global_Objects/Array|/javascript/javascript reference/standard built-in objects/array
/en-US/docs/Web/JavaScript/Reference/Global_Objects/URIError|/javascript/javascript reference/standard built-in objects/urierror
/en-US/docs/Web/JavaScript/Reference/Global_Objects/Math|/javascript/javascript reference/standard built-in objects/math
/en-US/docs/Web/JavaScript/Reference/Global_Objects/TypeError|/javascript/javascript reference/standard built-in objects/typeerror
/en-US/docs/Web/JavaScript/Reference/Global_Objects/RangeError|/javascript/javascript reference/standard built-in objects/rangeerror
/en-US/docs/Web/JavaScript/Reference/Global_Objects/SyntaxError|/javascript/javascript reference/standard built-in objects/syntaxerror
/en-US/docs/Web/JavaScript/Reference/Global_Objects/Date|/javascript/javascript reference/standard built-in objects/date
/en-US/docs/Web/JavaScript/Reference/Global_Objects/ReferenceError|/javascript/javascript reference/standard built-in objects/referenceerror
/en-US/docs/Web/JavaScript/Reference/Global_Objects/Number|/javascript/javascript reference/standard built-in objects/number
/en-US/docs/Web/JavaScript/Reference/Global_Objects/unescape|/javascript/javascript reference/standard built-in objects/unescape()
/en-US/docs/Web/JavaScript/Reference/Global_Objects/EvalError|/javascript/javascript reference/standard built-in objects/evalerror
/en-US/docs/Web/JavaScript/Reference/Global_Objects/Object|/javascript/javascript reference/standard built-in objects/object
/en-US/docs/Web/JavaScript/Reference/Global_Objects/Boolean|/javascript/javascript reference/standard built-in objects/boolean
/en-US/docs/Web/JavaScript/Reference/Global_Objects/Error|/javascript/javascript reference/standard built-in objects/error
/en-US/docs/Web/JavaScript/Reference/Global_Objects/InternalError|/javascript/javascript reference/standard built-in objects/internalerror
/en-US/docs/Web/JavaScript/Reference/Global_Objects/Function|/javascript/javascript reference/standard built-in objects/function
/en-US/docs/Web/JavaScript/Reference/Global_Objects/Symbol|/javascript/javascript reference/standard built-in objects/symbol
/en-US/docs/Web/JavaScript/Reference/Global_Objects/encodeURIComponent|/javascript/javascript reference/standard built-in objects/encodeuricomponent()
/en-US/docs/Web/JavaScript/Reference/Global_Objects/parseInt|/javascript/javascript reference/standard built-in objects/parseint()
/en-US/docs/Web/JavaScript/Reference/Global_Objects/encodeURI|/javascript/javascript reference/standard built-in objects/encodeuri()
/en-US/docs/Web/JavaScript/Reference/Global_Objects/escape|/javascript/javascript reference/standard built-in objects/escape()
/en-US/docs/Web/JavaScript/Reference/Global_Objects/isNaN|/javascript/javascript reference/standard built-in objects/isnan()
/en-US/docs/Web/JavaScript/Reference/Global_Objects/parseFloat|/javascript/javascript reference/standard built-in objects/parsefloat()
/en-US/docs/Web/JavaScript/Reference/Global_Objects/decodeURI|/javascript/javascript reference/standard built-in objects/decodeuri()
/en-US/docs/Web/JavaScript/Reference/Global_Objects/decodeURIComponent|/javascript/javascript reference/standard built-in objects/decodeuricomponent()
/en-US/docs/Web/JavaScript/Reference/Global_Objects/uneval|/javascript/javascript reference/standard built-in objects/uneval()
/en-US/docs/Web/JavaScript/Reference/Global_Objects/Infinity|/javascript/javascript reference/standard built-in objects/infinity
/en-US/docs/Web/JavaScript/Reference/Global_Objects/NaN|/javascript/javascript reference/standard built-in objects/nan
/en-US/docs/Web/JavaScript/Reference/Global_Objects/isFinite|/javascript/javascript reference/standard built-in objects/isfinite()
/en-US/docs/Web/JavaScript/Reference/Global_Objects/null|/javascript/javascript reference/standard built-in objects/null
/en-US/docs/Web/JavaScript/Reference/Global_Objects/undefined|/javascript/javascript reference/standard built-in objects/undefined
/en-US/docs/Web/JavaScript/Reference/Global_Objects/eval|/javascript/javascript reference/standard built-in objects/eval()
/en-US/docs/Web/JavaScript/Reference/Global_Objects|/javascript/javascript reference/standard built-in objects
/en-US/docs/Web/JavaScript/Reference/Global_objects/eval|/javascript/javascript reference/standard built-in objects/eval()
